subject,valence_accuracy,arousal_accuracy,overall_accuracy
all,63.9453125,64.921875,45.1171875
all,70.0390625,71.6015625,54.82421875
all,78.0859375,78.22916666666667,66.45833333333333
