fold,loss,accuracy,recall,precision,roc_auc,f1
1,1.105971,0.361765,0.361961,0.366160,0.523180,0.355144
2,1.125491,0.347059,0.346833,0.348651,0.504940,0.345742
3,1.118224,0.361029,0.361481,0.355694,0.521168,0.346593
4,1.118785,0.358824,0.360863,0.365168,0.520032,0.286745
5,1.101977,0.350000,0.348999,0.362363,0.519540,0.336798
