fold,loss,accuracy,recall,precision,roc_auc,f1
1,1.100001,0.354249,0.354237,0.357956,0.520085,0.344037
2,1.102678,0.351618,0.351274,0.352588,0.511805,0.343826
3,1.094732,0.368915,0.369135,0.368101,0.537264,0.366860
4,1.099699,0.360761,0.360612,0.361507,0.524305,0.356725
5,1.099528,0.358290,0.358308,0.357852,0.522319,0.357178
